year,population_mean,population_se,sex_ratio_mean,sex_ratio_se,avg_age_mean,avg_age_se,males_mean,females_mean,males_se,females_se
0,2000.0,0.0,1.666666666666666,2.982024500902759e-17,50.996,0.04976868336300826,1250.0,750.0,0.0,0.0
1,1331.264,0.9196565360440695,1.719976534396658,0.0024363296226344766,41.516,0.048581976254920584,841.616,489.648,0.6999921900509064,0.5756308659093734
2,972.642,1.0235913004224884,1.81754966150434,0.003913973708070791,37.288,0.04705891076262102,627.072,345.57,0.768913576532729,0.6344945758109102
3,770.368,1.0534042305524938,1.898350329883636,0.005303630127917075,34.5,0.04850469472970264,504.116,266.252,0.8283921505604821,0.6184415347174924
4,637.976,1.0389290616737894,1.9492584204532024,0.006454517987874684,32.54,0.05213670945644625,421.12,216.856,0.8088310177227755,0.607922418845258
5,537.55,0.9935337027181683,1.9990622932944808,0.0077499352248175815,31.272,0.04940560522506843,357.686,179.864,0.7752320798026293,0.5887071940452582
6,453.4,0.9721863466358548,2.057759346807382,0.008878968170547914,30.62,0.05363724366348098,304.486,148.914,0.7626315110479545,0.5430091397496947
7,383.32,0.9011166530726695,2.1245250626152066,0.010104248031738114,30.462,0.05221652162161437,259.994,123.326,0.7155220973132045,0.4933297035378931
8,324.326,0.8343186580956303,2.2078480152017965,0.011602851619370599,30.564,0.055875326434915926,222.556,101.77,0.6653202462424544,0.45380842231974566
9,274.594,0.7855319528178314,2.301808259057622,0.01355960867270989,30.868,0.05792981725722004,190.73,83.864,0.6243186265802023,0.41970861158341094
10,233.098,0.7089640696849231,2.4126914098076204,0.016543932898222775,31.308,0.060742499969998046,164.01,69.088,0.575299695357957,0.38933748773874494
11,197.672,0.664424376060215,2.5253871383963626,0.019124572686506813,31.87,0.06256219350464164,140.786,56.886,0.5333604360181011,0.36106334829634246
12,168.096,0.6289839502079831,2.6722774255487196,0.0227605317796613,32.424,0.0638168722703702,121.442,46.654,0.5046609131630357,0.33946286700632267
13,143.056,0.5647651257776007,2.8140116364427077,0.02626290934505176,33.064,0.06669861625867242,104.676,38.38,0.46389270406179434,0.29973802857085563
14,121.538,0.5226120537429603,2.9653911364256285,0.03128407315125853,33.704,0.07004699252876348,89.96,31.578,0.4295647235323297,0.27656610352542926
15,103.374,0.48287325579527035,3.161492160034984,0.0394151301314808,34.308,0.07545634048002377,77.514,25.86,0.390482472234343,0.25481495506081525
16,87.79,0.4397619596580913,3.3475689199119305,0.046291312911133795,34.964,0.07674103447794726,66.592,21.198,0.36565349301477734,0.22587525597666747
17,74.662,0.3896551993092064,3.578927881007314,0.05335816551479122,35.606,0.07890487918956497,57.38,17.282,0.32886395820462294,0.2014898218188531
18,63.34,0.3520122515630684,3.8493464578632155,0.06277764724129833,36.224,0.07960100904688686,49.308,14.032,0.30023750117903064,0.18066330690243065
19,53.876,0.33004713333165137,4.215258850076502,0.07899332572651489,36.888,0.08219747471607264,42.53,11.346,0.2821514111920678,0.164543968090203
20,45.758,0.30667731241142665,4.6040658771568985,0.10865444710982523,37.468,0.08723055852556123,36.512,9.246,0.26377047166702894,0.14815825909978478
21,38.69,0.2828211016722447,5.098268170554935,0.14599975820459943,38.096,0.08888965486198583,31.236,7.454,0.2518719654386885,0.12843971941360702
22,32.924,0.26214096163616835,5.560682517482517,0.18468816721138634,38.672,0.09270393756513343,26.838,6.086,0.23267958995830798,0.11418969556464495
23,27.86,0.24216955255433897,5.919896897546898,0.19608970463420058,39.29,0.09387985328976299,22.882,4.978,0.21428015299587563,0.10419570764183121
24,23.598,0.2255627387185135,6.0289227994228,0.21191009582651912,39.878,0.10140413006968885,19.448,4.15,0.20208976358314187,0.09567291473152917
25,19.928,0.20868332338478282,6.049163492063492,0.21464460588610199,40.424,0.10113805323231827,16.568,3.36,0.18399581767486917,0.0894696016490432
26,16.754,0.18800441302968735,6.011927777777778,0.20981266184934147,41.038,0.1076675280350876,14.068,2.686,0.16367140451928255,0.07891300605762082
27,13.984,0.1644310284777557,5.76862380952381,0.19845556468219044,41.59,0.10723244655975347,11.846,2.138,0.14843393569710753,0.0669842203174978
28,11.736,0.14259479145150497,4.9530047619047615,0.17733472875065132,42.106,0.11768273642682606,9.988,1.748,0.1281896140656825,0.06013505174935658
29,9.862,0.12670445943249256,4.338733333333334,0.16901363392478275,42.56,0.14197575225529505,8.466,1.396,0.11773449291368816,0.05188209231522965
30,8.284,0.11981401753382274,3.6526000000000005,0.1535995693058331,42.938,0.15896809021754907,7.132,1.152,0.1101154067585968,0.04688484165221748
31,6.849699398797595,0.10835711084351428,2.7869071476285905,0.13273992359510187,43.434869739478955,0.17967742948489868,5.913827655310621,0.935871743486974,0.09948104368777126,0.04274034854360639
32,5.662650602409639,0.10216371643681603,2.2163654618473894,0.11582455610118712,43.55020080321285,0.20744707758048953,4.887550200803213,0.7751004016064257,0.09280480514496693,0.038601947107325486
33,4.678787878787879,0.0909769509127436,1.6057239057239057,0.09869564925566492,44.02020202020202,0.23375794287017726,4.0606060606060606,0.6181818181818182,0.08353078847542168,0.03530752800328669
34,3.841784989858012,0.0802392988499767,1.037187288708587,0.07571416330137568,44.56186612576065,0.25726280654544864,3.36105476673428,0.48073022312373226,0.07393020318647667,0.03178603450121562
35,3.2020833333333334,0.0738928345277729,0.7319444444444444,0.0631861992806214,45.12291666666667,0.2780673489948295,2.81875,0.38333333333333336,0.06844884060702103,0.02915734516518752
36,2.6881720430107525,0.06820793044280078,0.5093189964157706,0.05031590026543875,45.33548387096774,0.3172642176150191,2.3655913978494625,0.3225806451612903,0.06356752248247986,0.02736859792061644
37,2.229357798165138,0.059305633617383134,0.35397553516819574,0.041489768119894174,45.2454128440367,0.3616716670355966,1.9541284403669725,0.27522935779816515,0.0558259603672858,0.02587419953429976
38,1.9723618090452262,0.05399709824480753,0.26716917922948075,0.0355957008672261,45.37437185929648,0.396489942466005,1.736180904522613,0.23618090452261306,0.051881244934057956,0.02462315432606459
39,1.747945205479452,0.0477406876452635,0.19269406392694063,0.030310041151783068,45.18904109589041,0.4397113254276547,1.5287671232876712,0.2191780821917808,0.046796192965787506,0.02460981885321567
40,1.5705521472392638,0.04343414304010266,0.13905930470347647,0.029195131909444783,45.1840490797546,0.46341324570272036,1.383435582822086,0.18711656441717792,0.04377972147828035,0.024497958534348475
41,1.4349442379182156,0.04215514253058535,0.09293680297397769,0.025850827281171027,44.79925650557621,0.5211921278526417,1.278810408921933,0.15613382899628253,0.042804571090707504,0.025653090491042387
42,1.3228699551569507,0.037266452674002117,0.06726457399103139,0.022913046587422516,44.591928251121075,0.5926444435659185,1.1928251121076232,0.13004484304932734,0.03936342539290801,0.02511585869220716
43,1.2642487046632125,0.037288304330542504,0.05699481865284974,0.0222669863182268,44.73056994818653,0.6318064105285549,1.1295336787564767,0.13471502590673576,0.04015892235168445,0.027731503839950624
44,1.2189349112426036,0.03701463783126025,0.047337278106508875,0.021903388896830987,45.142011834319526,0.6801587595192451,1.0828402366863905,0.13609467455621302,0.041475428996276084,0.028995232897071063
45,1.1549295774647887,0.03206939622127825,0.04225352112676056,0.019669731962356624,44.88732394366197,0.7429688124228859,1.0352112676056338,0.11971830985915492,0.036602233364408265,0.02910854511103895
46,1.0743801652892562,0.023952688836676762,0.0,0.0,44.94214876033058,0.7714157783720602,0.9669421487603306,0.10743801652892562,0.03699058829280801,0.030608279755796285
47,1.0625,0.02483498169496957,0.0,0.0,45.1875,0.8462135088921585,0.9479166666666666,0.11458333333333333,0.04020177089433916,0.03587805756475515
48,1.0675675675675675,0.02937760571493279,0.0,0.0,45.75675675675676,0.9872963562577854,0.9459459459459459,0.12162162162162163,0.05051343893196169,0.03825469848047654
49,1.0847457627118644,0.036569234859054715,0.0,0.0,45.71186440677966,1.1220261291073166,0.9661016949152542,0.11864406779661017,0.05905005699738205,0.04246045888241071
50,1.0740740740740742,0.035973550457676445,0.0,0.0,46.46296296296296,1.2693541397850137,0.9629629629629629,0.1111111111111111,0.05889124019056707,0.04316826054921173
51,1.065217391304348,0.036807029273044335,0.0,0.0,46.54347826086956,1.3805783713217725,0.9347826086956522,0.13043478260869565,0.06521739130434782,0.050204371233880524
52,1.0277777777777777,0.027777777777777776,0.0,0.0,47.19444444444444,1.5542156928023492,0.8611111111111112,0.16666666666666666,0.07074184879599797,0.0629940788348712
53,1.0,0.0,0.0,0.0,46.75,1.7431840052589043,0.8214285714285714,0.17857142857142858,0.07370704611510598,0.07370704611510598
54,1.0,0.0,0.0,0.0,46.04347826086956,1.7450984556860416,0.8695652173913043,0.13043478260869565,0.07180198468215396,0.07180198468215396
55,1.0,0.0,0.0,0.0,45.111111111111114,1.8219591711934728,0.8888888888888888,0.1111111111111111,0.0762215933966706,0.07622159339667059
56,1.0,0.0,0.0,0.0,42.6,2.725191124795959,0.8,0.2,0.13333333333333333,0.13333333333333333
57,1.0,0.0,0.0,0.0,42.75,3.2936627462012993,0.75,0.25,0.16366341767699427,0.16366341767699427
58,1.0,0.0,0.0,0.0,39.666666666666664,2.1239376429431993,0.6666666666666666,0.3333333333333333,0.210818510677892,0.210818510677892
59,1.0,0.0,0.0,0.0,40.666666666666664,2.1239376429431993,0.6666666666666666,0.3333333333333333,0.210818510677892,0.210818510677892
60,1.0,0.0,0.0,0.0,40.6,2.2494443758403984,0.6,0.4,0.24494897427831783,0.24494897427831783
61,1.0,0.0,0.0,0.0,41.6,2.2494443758403984,0.6,0.4,0.24494897427831783,0.24494897427831783
62,1.0,0.0,0.0,0.0,42.6,2.2494443758403984,0.6,0.4,0.24494897427831783,0.24494897427831783
63,1.0,0.0,0.0,0.0,42.0,2.041241452319315,0.5,0.5,0.28867513459481287,0.28867513459481287
64,1.0,0.0,0.0,0.0,43.0,2.041241452319315,0.5,0.5,0.28867513459481287,0.28867513459481287
65,1.0,0.0,0.0,0.0,44.666666666666664,2.728450923957484,0.3333333333333333,0.6666666666666666,0.33333333333333337,0.33333333333333337
66,1.0,0.0,0.0,0.0,43.0,1.0,0.5,0.5,0.5,0.5
67,1.0,0.0,0.0,0.0,44.0,1.0,0.5,0.5,0.5,0.5
68,1.0,0.0,0.0,0.0,45.0,1.0,0.5,0.5,0.5,0.5
69,1.0,0.0,0.0,0.0,46.0,1.0,0.5,0.5,0.5,0.5
70,1.0,0.0,0.0,0.0,47.0,1.0,0.5,0.5,0.5,0.5
71,1.0,0.0,0.0,0.0,48.0,1.0,0.5,0.5,0.5,0.5
72,1.0,0.0,0.0,0.0,48.0,0.0,0.0,1.0,0.0,0.0
73,1.0,0.0,0.0,0.0,49.0,0.0,0.0,1.0,0.0,0.0
